/*
SQLyog Community v13.1.7 (64 bit)
MySQL - 10.3.34-MariaDB-0ubuntu0.20.04.1 : Database - installation_service
*********************************************************************
*/

/*!40101 SET NAMES utf8 */;

/*!40101 SET SQL_MODE=''*/;

/*!40014 SET @OLD_UNIQUE_CHECKS=@@UNIQUE_CHECKS, UNIQUE_CHECKS=0 */;
/*!40014 SET @OLD_FOREIGN_KEY_CHECKS=@@FOREIGN_KEY_CHECKS, FOREIGN_KEY_CHECKS=0 */;
/*!40101 SET @OLD_SQL_MODE=@@SQL_MODE, SQL_MODE='NO_AUTO_VALUE_ON_ZERO' */;
/*!40111 SET @OLD_SQL_NOTES=@@SQL_NOTES, SQL_NOTES=0 */;
CREATE DATABASE /*!32312 IF NOT EXISTS*/`installation_service` /*!40100 DEFAULT CHARACTER SET latin1 */;

USE `installation_service`;

/*Table structure for table `order` */

DROP TABLE IF EXISTS `order`;

CREATE TABLE `order` (
  `id` varchar(200) COLLATE utf8mb4_unicode_ci NOT NULL,
  `date` date DEFAULT NULL,
  PRIMARY KEY (`id`)
) ENGINE=InnoDB DEFAULT CHARSET=utf8mb4 COLLATE=utf8mb4_unicode_ci;

/*Data for the table `order` */

insert  into `order`(`id`,`date`) values 
('10000','2022-07-30'),
('10002','2022-07-30'),
('10003','2022-07-30'),
('10004','2022-07-31'),
('10005','2022-07-31'),
('10006','2022-07-31'),
('10007','2022-07-31'),
('10008','2022-07-31'),
('10009','2022-07-31'),
('10010','2022-07-31'),
('10011','2022-07-31'),
('10012','2022-07-31'),
('10013','2022-07-31'),
('10014','2022-07-31'),
('10015','2022-07-31'),
('10016','2022-07-31'),
('10017','2022-07-31'),
('10018','2022-08-07'),
('10019','2022-08-07'),
('10020','2022-08-07'),
('10021','2022-08-07'),
('10022','2022-08-24'),
('10023','2022-08-24'),
('10024','2022-08-24'),
('10025','2022-08-24'),
('10026','2022-08-24'),
('10027','2022-08-24'),
('10028','2022-08-24'),
('10029','2022-08-31'),
('10030','2022-08-31'),
('10031','2022-08-31'),
('10032','2022-09-03'),
('10033','2022-09-15'),
('10034','2022-09-15'),
('10035','2022-09-15'),
('10036','2022-09-15'),
('10037','2022-09-15'),
('10038','2022-09-15'),
('10039','2022-09-21'),
('10040','2022-09-21'),
('10041','2022-09-21'),
('10042','2022-09-21');

/*Table structure for table `order_detail` */

DROP TABLE IF EXISTS `order_detail`;

CREATE TABLE `order_detail` (
  `order_id` varchar(200) COLLATE utf8mb4_unicode_ci NOT NULL,
  `line_number` bigint(20) NOT NULL,
  `service_id` bigint(20) DEFAULT NULL,
  `description` varchar(200) COLLATE utf8mb4_unicode_ci DEFAULT NULL,
  `width` double DEFAULT 0,
  `height` double DEFAULT 0,
  `quantity` bigint(20) DEFAULT 0,
  `final_price` bigint(20) NOT NULL COMMENT 'in sens',
  PRIMARY KEY (`order_id`,`line_number`),
  KEY `order_detail_ibfk_1` (`service_id`),
  CONSTRAINT `order_detail_ibfk_1` FOREIGN KEY (`order_id`) REFERENCES `order` (`id`) ON DELETE CASCADE ON UPDATE CASCADE,
  CONSTRAINT `order_detail_ibfk_2` FOREIGN KEY (`service_id`) REFERENCES `service` (`id`) ON DELETE SET NULL ON UPDATE CASCADE
) ENGINE=InnoDB DEFAULT CHARSET=utf8mb4 COLLATE=utf8mb4_unicode_ci;

/*Data for the table `order_detail` */

insert  into `order_detail`(`order_id`,`line_number`,`service_id`,`description`,`width`,`height`,`quantity`,`final_price`) values 
('10000',1,32,'Testing',0,0,1,0),
('10002',1,1,'',1990,880,0,2400),
('10002',2,1,'',1680,710,0,2000),
('10002',3,1,'',680,580,0,2000),
('10002',4,32,'shoes cabinet',840,1,1,15000),
('10002',5,32,'shell 板',0,0,1,5000),
('10002',6,2,'',4110,1,0,2000),
('10002',7,9,'',0,0,5,600),
('10002',8,8,'',0,0,1,1000),
('10003',1,1,'',2820,1000,0,2600),
('10003',2,1,'',900,850,0,2200),
('10003',3,32,'shoes cabinet ft',0,0,1,15000),
('10003',4,19,'包完',0,0,1,15000),
('10003',5,17,'',0,0,1,3000),
('10003',6,9,'',0,0,1,600),
('10004',1,1,'',4960,700,0,2000),
('10004',2,19,'拆按',0,0,1,10000),
('10004',3,1,'',2190,200,0,2000),
('10004',4,1,'',2270,700,0,2000),
('10004',5,7,'',600,500,0,4500),
('10004',6,9,'',0,0,5,600),
('10004',7,8,'',0,0,3,1000),
('10005',1,1,'',2310,1000,0,2600),
('10005',2,1,'',910,930,0,2400),
('10005',3,9,'',0,0,2,600),
('10005',4,19,'small',0,0,1,3000),
('10005',5,2,'',3550,1,0,2000),
('10006',1,1,'',2120,920,0,2400),
('10006',2,7,'',900,1,0,4500),
('10006',3,1,'',740,1050,0,2600),
('10006',4,1,'',530,590,0,2000),
('10006',5,8,'',0,0,2,1000),
('10006',6,9,'',0,0,4,600),
('10006',7,34,'',0,0,1,500),
('10007',1,5,'',1800,1,0,4500),
('10007',2,32,'拆柜',0,0,1,12000),
('10008',1,5,'',2100,1280,0,4500),
('10008',2,8,'',0,0,2,1000),
('10009',2,1,'',1930,750,0,2000),
('10009',3,1,'',760,540,0,2000),
('10009',4,2,'',2690,700,0,2000),
('10009',5,19,'',0,0,1,3000),
('10009',6,9,'',0,0,2,600),
('10010',1,1,'',2000,800,0,2200),
('10010',2,1,'',880,450,0,2000),
('10010',3,2,'',1350,700,0,2000),
('10010',4,32,'拆柜',0,0,1,5000),
('10010',5,2,'',400,350,0,2000),
('10010',6,32,'TV 平风(1636*1570), shell 板 * 3\r\n',0,0,1,17000),
('10010',7,35,'',1980,1,0,2000),
('10010',8,7,'tv',350,1570,0,4500),
('10010',9,9,'',0,0,7,600),
('10010',10,8,'',0,0,2,1000),
('10011',1,32,'改柜',0,0,2,3000),
('10011',2,5,'',3520,1,0,4500),
('10011',3,8,'',0,0,2,1000),
('10011',4,2,'书桌',1500,1,0,2000),
('10012',1,1,'',1380,1100,0,2800),
('10012',2,1,'',1680,700,0,2000),
('10012',3,2,'',3790,1,0,2000),
('10012',4,5,'',1120,1,0,4500),
('10012',5,32,'tv屏风(2100*1500)',0,0,1,17000),
('10012',6,35,'',2060,1,0,2000),
('10012',7,34,'tv',0,0,2,500),
('10012',8,9,'',0,0,7,600),
('10012',9,8,'',0,0,1,1000),
('10013',1,1,'',2800,950,0,2400),
('10013',2,1,'',900,800,0,2200),
('10013',3,19,'',0,0,1,3000),
('10013',4,5,'',1800,1,0,4500),
('10013',5,8,'',0,0,1,1000),
('10013',6,9,'',0,0,4,600),
('10014',1,1,'',2700,700,0,2000),
('10014',2,2,'',2900,1,0,2000),
('10014',3,19,'包喉',0,0,1,15000),
('10014',4,33,'',1040,1,0,4500),
('10014',5,5,'',1420,1,0,4500),
('10014',6,35,'',1500,1,0,2000),
('10014',7,9,'',0,0,5,600),
('10014',8,8,'',0,0,2,1000),
('10015',1,1,'',3590,700,0,2000),
('10015',2,2,'',3640,1,0,2000),
('10015',3,9,'',0,0,4,600),
('10016',1,32,'一工',0,0,1,30000),
('10017',1,32,'神台',0,0,1,15000),
('10017',2,7,'tv',600,1,0,4500),
('10017',3,35,'',1800,1,0,2000),
('10017',4,32,'tv屏风（1800*1700）',0,0,1,17000),
('10017',5,5,'',4270,1,0,4500),
('10017',6,8,'',0,0,5,1000),
('10018',1,32,'拆柜',0,0,1,5000),
('10018',2,1,'',940,650,0,2000),
('10018',3,1,'',900,460,0,2000),
('10018',4,1,'',1150,1100,0,2800),
('10018',5,2,'',5600,680,0,2000),
('10018',6,19,'',0,0,1,3000),
('10018',7,1,'',1070,700,0,2000),
('10018',8,35,'',2060,1,0,2000),
('10018',9,32,'tv 屏风 2130*1800',0,0,1,20600),
('10018',10,34,'tv',0,0,1,500),
('10018',11,9,'',0,0,15,600),
('10018',12,8,'',0,0,1,1000),
('10019',1,19,'包喉',0,0,1,10000),
('10019',2,7,'',600,1,0,4500),
('10019',3,1,'',1100,650,0,2000),
('10019',4,2,'',4540,1,0,2000),
('10019',5,9,'',0,0,3,600),
('10019',6,8,'',0,0,3,1000),
('10020',1,5,'',3780,1,0,4500),
('10020',2,8,'',0,0,2,1000),
('10020',3,9,'',0,0,2,600),
('10021',1,1,'',2340,1050,0,2600),
('10021',2,2,'',3760,720,0,2000),
('10021',3,1,'',2660,530,0,2000),
('10021',4,2,'',2250,1,0,2000),
('10021',5,9,'',0,0,1,600),
('10022',1,1,'',1100,1150,0,2800),
('10022',3,2,'',3890,1,0,2000),
('10022',4,9,'',0,0,2,600),
('10023',2,36,'',0,0,1,30000),
('10024',4,36,'',0,0,1,30000),
('10025',1,36,'',0,0,1,30000),
('10026',1,1,'',3720,700,0,2000),
('10026',2,2,'',2830,1,0,2000),
('10026',3,32,'油烟机洞',0,0,2,500),
('10026',4,9,'',0,0,2,600),
('10027',1,1,'',1600,1000,0,2600),
('10027',2,1,'',820,600,0,2000),
('10027',3,2,'',4950,1,0,2000),
('10027',4,9,'',0,0,3,600),
('10027',5,8,'',0,0,3,1000),
('10028',1,5,'',1980,1,0,4500),
('10028',4,1,'',1600,1050,0,2600),
('10028',5,1,'',740,640,0,2000),
('10028',6,2,'',4170,1,0,2000),
('10028',7,34,'',0,0,3,500),
('10028',8,35,'',1460,1,0,2000),
('10028',9,32,'wirebox shell',0,0,1,10000),
('10028',10,9,'',0,0,5,600),
('10028',11,8,'',0,0,4,1000),
('10029',1,1,'',4860,700,0,2000),
('10029',2,2,'',3380,1,0,2000),
('10029',3,9,'',0,0,5,600),
('10030',1,1,'',900,750,0,2000),
('10030',2,1,'',900,800,0,2200),
('10030',3,1,'',3380,1100,0,2800),
('10030',4,7,'',600,1,0,4500),
('10030',5,2,'',6000,1,0,2000),
('10030',6,8,'',0,0,4,1000),
('10030',7,9,'',0,0,1,600),
('10030',8,19,'包喉',0,0,1,15000),
('10031',1,1,'',3360,1360,0,3200),
('10031',2,1,'',1900,1000,0,2600),
('10031',3,1,'',530,1410,0,4000),
('10031',4,19,'包喉',0,0,1,15000),
('10031',5,7,'',600,1,0,4500),
('10031',6,2,'',8860,1,0,2000),
('10031',7,32,'drawer柜桐 runner',0,0,1,3500),
('10031',8,5,'',2560,1,0,4500),
('10031',9,5,'',2300,1,0,4500),
('10031',10,8,'',0,0,5,1000),
('10031',11,9,'',0,0,9,600),
('10032',1,1,'',2300,700,0,2000),
('10032',2,2,'',4530,1,0,2000),
('10032',3,9,'',0,0,1,600),
('10033',1,1,'',1600,1050,0,2600),
('10033',2,1,'',740,660,0,2000),
('10033',3,2,'',2180,1,0,2000),
('10033',4,7,'',560,1,0,4500),
('10033',5,34,'',0,0,5,500),
('10033',6,32,'wire box',0,0,1,8000),
('10033',7,1,'',600,910,0,2400),
('10033',8,9,'',0,0,1,600),
('10033',9,8,'',0,0,3,1000),
('10034',1,33,'',940,1,0,4500),
('10034',2,5,'',1800,1,0,4500),
('10034',3,2,'',700,1,0,2000),
('10034',4,1,'',800,780,0,2000),
('10034',5,8,'',0,0,3,1000),
('10034',6,9,'',0,0,1,600),
('10035',1,1,'',2160,1100,0,2800),
('10035',2,1,'',900,950,0,2400),
('10035',3,19,'',0,0,1,5000),
('10035',4,2,'',4790,1,0,2000),
('10035',5,9,'',0,0,2,600),
('10035',6,8,'',0,0,1,1000),
('10036',1,33,'',970,1,0,4500),
('10036',2,1,'',1740,900,0,2400),
('10036',3,1,'',620,800,0,2200),
('10036',4,2,'',4060,1,0,2000),
('10036',5,32,'drawer runner',0,0,1,1500),
('10036',6,8,'',0,0,3,1000),
('10036',7,9,'',0,0,3,600),
('10037',1,1,'',5710,1020,0,2600),
('10037',2,32,'改柜',0,0,1,3000),
('10037',3,14,'',0,0,1,2000),
('10037',4,2,'',9130,1,0,2000),
('10037',5,9,'',0,0,3,600),
('10037',6,28,'',0,0,8,500),
('10038',1,1,'',900,880,0,2200),
('10038',2,1,'',1410,1200,0,3000),
('10038',3,1,'',2360,1600,0,4600),
('10038',4,32,'重新安装上座柜',0,0,1,35604),
('10038',5,7,'',600,1,0,4500),
('10038',6,5,'',1520,1,0,4500),
('10038',7,2,'',11430,1,0,2000),
('10038',8,32,'拆柜',0,0,1,10000),
('10038',9,9,'',0,0,6,600),
('10038',10,8,'',0,0,4,1000),
('10038',11,32,'drawer runner',0,0,1,1000),
('10038',12,19,'',0,0,1,15000),
('10039',1,37,'',1500,1,0,2000),
('10039',2,38,'',0,0,3,500),
('10039',3,39,'床头屏风 (1900 * 2940)',1900,2940,1,500),
('10039',4,7,'',700,1,0,4500),
('10039',5,32,'床架 (2080 * 230)',0,0,1,15000),
('10039',6,32,'改柜桐',0,0,1,3000),
('10039',7,9,'',0,0,1,600),
('10040',1,5,'',4480,1,0,4500),
('10040',2,8,'',0,0,3,1000),
('10041',1,5,'',1220,1,0,4500),
('10041',2,8,'',0,0,2,1000),
('10041',3,5,'',1220,1,0,4500),
('10042',1,2,'',3860,1,0,2000),
('10042',2,1,'',2500,800,0,2200),
('10042',3,1,'',2520,670,0,2000),
('10042',4,9,'',0,0,3,600),
('10042',5,28,'',0,0,2,500);

/*Table structure for table `service` */

DROP TABLE IF EXISTS `service`;

CREATE TABLE `service` (
  `id` bigint(20) NOT NULL,
  `description_english` varchar(200) COLLATE utf8mb4_unicode_ci DEFAULT NULL,
  `description_chinese` varchar(200) COLLATE utf8mb4_unicode_ci DEFAULT NULL,
  `price` bigint(20) DEFAULT NULL,
  `is_different_price` tinyint(1) DEFAULT NULL,
  `calculation_type` tinyint(1) DEFAULT NULL,
  PRIMARY KEY (`id`)
) ENGINE=InnoDB DEFAULT CHARSET=utf8mb4 COLLATE=utf8mb4_unicode_ci;

/*Data for the table `service` */

insert  into `service`(`id`,`description_english`,`description_chinese`,`price`,`is_different_price`,`calculation_type`) values 
(1,'wall unit','上座柜',2000,1,0),
(2,'base unit','下座柜',2000,0,0),
(3,'concrete top b/unit','石犀桌',2000,0,0),
(4,'tv cabinet & dressing table','',5000,0,0),
(5,'wardrobe(swing/sliding)','壁柜(开门/汤门)',4500,0,0),
(6,'hi fi glass door','',2000,0,1),
(7,'tall unit','高柜',4500,0,0),
(8,'ep (big)','大 ep',1000,0,1),
(9,'ep (small)','小 ep',600,0,1),
(10,'canopy','飞板',2000,0,1),
(11,'modify cabinet per unit','',2000,0,1),
(12,'drawer (normal)','柜桐(普通)',8000,0,1),
(13,'drawer (dwd)','柜桐(dwd)',2000,0,1),
(14,'pull out basket','拉篮(normal)',2000,0,1),
(15,'lock','柜桐锁头',2000,0,1),
(16,'sink opening sink','盘开洞',6000,0,1),
(17,'hob opening','煮食炉开洞',3000,0,1),
(18,'install hood (slim)','安装平面油烟机',5000,0,1),
(19,'install hood (chimney)','安装白钢油烟机',5000,0,1),
(20,'oven','oven',2000,0,1),
(21,'plug point','拉插头',2000,0,1),
(22,'plug point (add)','拉插头再加插头',2000,0,1),
(23,'eye ball (beaufix)','小型灯(beaufix)',2000,0,1),
(24,'eye ball (normal/t5)','小型灯t5',2000,0,1),
(25,'dish rack','安装碟架',2000,0,1),
(26,'magic corner','特别拉篮安装',2000,0,1),
(27,'tall larder','高柜拉篮安装',2000,0,1),
(28,'gas spring','',500,0,1),
(29,'arm c','',2000,0,1),
(30,'150mm pull out basket','',2000,0,1),
(31,'computer, cooker hood hole','',2100,0,1),
(32,'others','其他',0,0,1),
(33,'shoes cabinet ft','',4500,0,0),
(34,'','插头洞',500,0,1),
(35,'base unit (tv)','电视下座柜',2000,0,0),
(36,NULL,'一工',30000,0,1),
(37,'desk','书桌',2000,0,0),
(38,'drawer runner','抽屉滑槽',500,0,1),
(39,'','屏风',500,0,2);

/*Table structure for table `service_diff_price` */

DROP TABLE IF EXISTS `service_diff_price`;

CREATE TABLE `service_diff_price` (
  `service_id` bigint(20) NOT NULL,
  `height` double NOT NULL,
  `price` bigint(20) DEFAULT NULL,
  PRIMARY KEY (`service_id`,`height`),
  CONSTRAINT `service_diff_price_ibfk_1` FOREIGN KEY (`service_id`) REFERENCES `service` (`id`) ON DELETE CASCADE
) ENGINE=InnoDB DEFAULT CHARSET=latin1 COMMENT='value above\r\n';

/*Data for the table `service_diff_price` */

insert  into `service_diff_price`(`service_id`,`height`,`price`) values 
(1,700,2000),
(1,800,2200),
(1,900,2400),
(1,1000,2600),
(1,1100,2800),
(1,1200,3000),
(1,1300,3200),
(1,1400,4000),
(1,1500,4200),
(1,1600,4600),
(1,1700,4800);

/*Table structure for table `user_roles` */

DROP TABLE IF EXISTS `user_roles`;

CREATE TABLE `user_roles` (
  `user_role_id` int(11) NOT NULL AUTO_INCREMENT,
  `username` varchar(45) DEFAULT NULL,
  `role` varchar(45) DEFAULT NULL,
  PRIMARY KEY (`user_role_id`),
  UNIQUE KEY `uni_username_role` (`role`,`username`),
  KEY `user_roles_ibfk_1` (`username`),
  CONSTRAINT `user_roles_ibfk_1` FOREIGN KEY (`username`) REFERENCES `users` (`username`) ON DELETE CASCADE
) ENGINE=InnoDB AUTO_INCREMENT=6 DEFAULT CHARSET=latin1;

/*Data for the table `user_roles` */

insert  into `user_roles`(`user_role_id`,`username`,`role`) values 
(5,'admin','ROLE_ADMIN'),
(4,'admin','ROLE_USER'),
(2,'wahshoon','ROLE_USER');

/*Table structure for table `users` */

DROP TABLE IF EXISTS `users`;

CREATE TABLE `users` (
  `username` varchar(45) NOT NULL,
  `password` varchar(45) DEFAULT NULL,
  `enabled` tinyint(1) DEFAULT NULL,
  PRIMARY KEY (`username`)
) ENGINE=InnoDB DEFAULT CHARSET=latin1;

/*Data for the table `users` */

insert  into `users`(`username`,`password`,`enabled`) values 
('admin','admin1234',1),
('wahshoon','wahshoon',1);

/*!40101 SET SQL_MODE=@OLD_SQL_MODE */;
/*!40014 SET FOREIGN_KEY_CHECKS=@OLD_FOREIGN_KEY_CHECKS */;
/*!40014 SET UNIQUE_CHECKS=@OLD_UNIQUE_CHECKS */;
/*!40111 SET SQL_NOTES=@OLD_SQL_NOTES */;
